run_id,iteration,status,chip_max_before,chip_max_after,delta_chip_max,constraint_limit,validation_status,changed_paths,change_categories,llm_decision_summary
run_0001,1,proposal_applied,89.30130373621631,89.2863202000564,-0.014983536159917321,85.0,valid,materials.spreader_material.conductivity,material,"The chip peak temperature (89.3°C) exceeds the limit (85.0°C). The most effective primary lever is to increase the heat spreader conductivity to improve lateral heat distribution away from the chip hotspot. A conservative 40% increase is proposed, staying well within the allowed 2.0x step ratio and material bounds."
run_0002,2,proposal_applied,89.2863202000564,89.27188453147713,-0.014435668579267258,85.0,valid,materials.spreader_material.conductivity,material,"The chip peak temperature (89.29°C) exceeds the 85.0°C limit. The most effective and conservative first step is to increase the thermal conductivity of the heat spreader material to enhance lateral heat spreading, reducing the local hot spot intensity."
run_0003,3,proposal_applied,89.27188453147713,89.26398448025654,-0.007900051220588011,85.0,valid,materials.spreader_material.conductivity,material,"The chip peak temperature (89.27°C) exceeds the limit (85.0°C). The most effective primary lever is to increase the heat spreader conductivity to improve lateral heat distribution away from the chip. I will increase the spreader conductivity by a factor of 1.5 (from 189.0 to 283.5 W/(m*K)), which is within the allowed [0.5x, 2.0x] step ratio and below the upper bound of 500.0."
run_0004,4,proposal_applied,89.26398448025654,89.2581039247931,-0.005880555463434689,85.0,valid,materials.spreader_material.conductivity,material,The chip peak temperature (89.26°C) exceeds the 85.0°C limit. The most effective immediate action is to increase the thermal conductivity of the heat spreader to enhance lateral heat dissipation away from the chip hot spot.
run_0005,5,invalid_proposal,89.2581039247931,89.2581039247931,0.0,85.0,invalid,materials.spreader_material.conductivity,material,"The chip peak temperature (89.26°C) exceeds the 85.0°C limit. The most effective primary lever is to increase the heat spreader conductivity to enhance lateral heat distribution away from the hot spot. A conservative 40% increase is proposed, staying well within the allowed 2.0x step ratio and material bounds."
run_0006,6,proposal_applied,89.2581039247931,89.25623754213548,-0.0018663826576243991,85.0,valid,materials.spreader_material.conductivity,material,The chip temperature (89.26°C) exceeds the limit (85.0°C). The previous attempt to increase spreader conductivity failed due to exceeding the upper bound (500.0). The current conductivity is 425.25. I will increase it to the maximum allowed value of 500.0 to maximize lateral heat spreading without violating bounds.
run_0007,7,proposal_applied,89.25623754213548,89.25623771571489,1.7357940862439136e-07,85.0,valid,components.2.width,geometry,"The chip peak temperature (89.26°C) exceeds the 85.0°C limit. The most effective immediate action is to increase the heat spreader conductivity, which is currently at its upper bound of 500.0 W/(m*K). Since material tuning is maxed out, the next best lever is to increase the geometric cross-section of the spreader to enhance lateral heat spreading. I will increase the spreader width by 20% (within the 1.5x limit) to pull more heat away from the chip center towards the cooled boundaries."
run_0008,8,invalid_proposal,89.25623771571489,89.25623771571489,0.0,85.0,invalid,materials.spreader_material.conductivity,material,"The chip peak temperature (89.26°C) exceeds the limit (85.0°C). The most effective primary lever is to increase the heat spreader conductivity, which is currently at a moderate level (500 W/mK) but has room to grow within bounds. Increasing conductivity by a factor of 1.5 (to 750 W/mK) will significantly improve lateral heat spreading, reducing the local hot spot temperature."
run_0009,9,invalid_proposal,89.25623771571489,89.25623771571489,0.0,85.0,invalid,components.2.width,geometry,"The chip temperature (89.26°C) exceeds the limit (85.0°C). Previous attempts to increase spreader conductivity hit the upper bound (500.0). Following the strategy shift suggestion, I will now apply a coordinated geometric change by increasing the heat spreader width to improve lateral heat distribution towards the cooled boundaries."
run_0010,10,proposal_applied,89.25623771571489,,,85.0,valid,components.2.height,geometry,The chip temperature (89.26°C) exceeds the limit (85.0°C) by ~4.26°C. Previous attempts to increase spreader conductivity hit the upper bound (500.0). The optimization history suggests shifting to geometry changes. Increasing the heat spreader height is the most effective remaining lever to improve vertical thermal conduction from the chip to the spreader without violating domain bounds or overlap constraints.
